{
  "project_info": {
    "project_number": "363102220629",
    "firebase_url": "https://finalstudybuddy.firebaseio.com",
    "project_id": "finalstudybuddy",
    "storage_bucket": "finalstudybuddy.appspot.com"
  },
  "client": [
    {
      "client_info": {
        "mobilesdk_app_id": "1:363102220629:android:4d73e528428b71e0",
        "android_client_info": {
          "package_name": "com.studdybuddy.finalstudybuddy"
        }
      },
      "oauth_client": [
        {
          "client_id": "363102220629-61vq6qnb2bp04ti12e2c7uo3jh8sb2dj.apps.googleusercontent.com",
          "client_type": 1,
          "android_info": {
            "package_name": "com.studdybuddy.finalstudybuddy",
            "certificate_hash": "55c108218a8e8e7c5931a31a3e1a99c16cabe1c1"
          }
        },
        {
          "client_id": "363102220629-b4t4gmrah6v3ql8ol9ctlt5emu4mb2pl.apps.googleusercontent.com",
          "client_type": 3
        }
      ],
      "api_key": [
        {
          "current_key": "AIzaSyBhd5oL4_Db2dnGqAqDWZDjZOWcMDk4NSc"
        }
      ],
      "services": {
        "analytics_service": {
          "status": 1
        },
        "appinvite_service": {
          "status": 2,
          "other_platform_oauth_client": [
            {
              "client_id": "363102220629-b4t4gmrah6v3ql8ol9ctlt5emu4mb2pl.apps.googleusercontent.com",
              "client_type": 3
            }
          ]
        },
        "ads_service": {
          "status": 2
        }
      }
    }
  ],
  "configuration_version": "1"
}